{
    "gpt-5-mini": {
        "python": {
            "bleu": 4.145285941602571,
            "total_count": 282,
            "vulnerable_percentage": 12.056737588652481,
            "vulnerable_suggestion_count": 34,
            "pass_rate": 87.94326241134752
        }
    },
    "gemini-3.1-pro-preview": {
        "python": {
            "bleu": 8.258285207976177,
            "total_count": 282,
            "vulnerable_percentage": 20.212765957446805,
            "vulnerable_suggestion_count": 57,
            "pass_rate": 79.7872340425532
        }
    },
    "gemini-3-flash-preview": {
        "python": {
            "bleu": 8.383120615603207,
            "total_count": 282,
            "vulnerable_percentage": 21.27659574468085,
            "vulnerable_suggestion_count": 60,
            "pass_rate": 78.72340425531915
        }
    },
    "gemma3:4b": {
        "python": {
            "bleu": 6.796225507638232,
            "total_count": 282,
            "vulnerable_percentage": 21.631205673758867,
            "vulnerable_suggestion_count": 61,
            "pass_rate": 78.36879432624113
        }
    },
    "codeguard-gemma3:4b": {
        "python": {
            "bleu": 2.6965006944289067,
            "total_count": 282,
            "vulnerable_percentage": 6.028368794326241,
            "vulnerable_suggestion_count": 17,
            "pass_rate": 93.97163120567376
        }
    },
    "codeguard-gpt-oss:120b": {
        "python": {
            "bleu": 2.780532961902778,
            "total_count": 282,
            "vulnerable_percentage": 7.801418439716312,
            "vulnerable_suggestion_count": 22,
            "pass_rate": 92.19858156028369
        }
    },
    "gpt-oss:120b": {
        "python": {
            "bleu": 6.082976912879368,
            "total_count": 282,
            "vulnerable_percentage": 17.73049645390071,
            "vulnerable_suggestion_count": 50,
            "pass_rate": 82.26950354609929
        }
    },
    "codeguard-gpt-oss:120b-v2": {
        "python": {
            "bleu": 2.3330017204922817,
            "total_count": 282,
            "vulnerable_percentage": 5.319148936170213,
            "vulnerable_suggestion_count": 15,
            "pass_rate": 94.68085106382979
        }
    },
    "codeguard-gpt-oss:20b": {
        "python": {
            "bleu": 3.190691515580656,
            "total_count": 282,
            "vulnerable_percentage": 5.673758865248227,
            "vulnerable_suggestion_count": 16,
            "pass_rate": 94.32624113475177
        }
    },
    "codeguard-gemma3:12b": {
        "python": {
            "bleu": 4.593553343879182,
            "total_count": 282,
            "vulnerable_percentage": 4.609929078014184,
            "vulnerable_suggestion_count": 13,
            "pass_rate": 95.39007092198581
        }
    }
}