{
    "gemini-3-flash-preview": {
        "python": {
            "bleu": 20.4404701730584,
            "total_count": 351,
            "vulnerable_percentage": 43.58974358974359,
            "vulnerable_suggestion_count": 153,
            "pass_rate": 56.41025641025641
        }
    },
    "gpt-5-mini": {
        "python": {
            "bleu": 14.85662146446681,
            "total_count": 351,
            "vulnerable_percentage": 37.60683760683761,
            "vulnerable_suggestion_count": 132,
            "pass_rate": 62.39316239316239
        }
    },
    "gemma3:4b": {
        "python": {
            "bleu": 11.728479599353536,
            "total_count": 351,
            "vulnerable_percentage": 28.774928774928775,
            "vulnerable_suggestion_count": 101,
            "pass_rate": 71.22507122507122
        }
    },
    "glm-5.1:cloud": {
        "python": {
            "bleu": 17.389882313715127,
            "total_count": 351,
            "vulnerable_percentage": 42.16524216524217,
            "vulnerable_suggestion_count": 148,
            "pass_rate": 57.83475783475783
        }
    },
    "codeguard-gemma3:4b": {
        "python": {
            "bleu": 3.615464926114439,
            "total_count": 351,
            "vulnerable_percentage": 5.128205128205128,
            "vulnerable_suggestion_count": 18,
            "pass_rate": 94.87179487179488
        }
    },
    "codeguard-gpt-oss:120b-cloud": {
        "python": {
            "bleu": 3.113570955740519,
            "total_count": 351,
            "vulnerable_percentage": 3.9886039886039883,
            "vulnerable_suggestion_count": 14,
            "pass_rate": 96.01139601139602
        }
    }
}